注文日,商品名,付帯情報,価格
2018/10/1,ゴールデンゴールド（４） (モーニングコミックス),[Kindle 版] 堀尾省太  販売: 株式会社 講談社,540
2018/10/8,ONE PIECE モノクロ版 90 (ジャンプコミックスDIGITAL),[Kindle 版] 尾田栄一郎  販売: 株式会社集英社,451
2018/10/20,メタモルフォーゼの縁側(1) (カドカワデジタルコミックス),[Kindle 版] 鶴谷 香央理  販売: Amazon Services International LLC,758
2018/10/20,ランド（５） (モーニングコミックス),[Kindle 版] 山下和美  販売: 株式会社 講談社,756
2018/10/21,ベルセルク 40 (ヤングアニマルコミックス),[Kindle 版] 三浦建太郎  販売: 株式会社 白泉社,626
2018/10/21,ランド（６） (モーニングコミックス),[Kindle 版] 山下和美  販売: 株式会社 講談社,756
2018/10/21,ランド（７） (モーニングコミックス),[Kindle 版] 山下和美  販売: 株式会社 講談社,756
2018/11/10,ブラック・ラグーン（１） (サンデーGXコミックス),[Kindle 版] 広江礼威  販売: 小学館,594
2018/11/10,ブラック・ラグーン（２） (サンデーGXコミックス),[Kindle 版] 広江礼威  販売: 小学館,594
2018/11/10,ブラック・ラグーン（３） (サンデーGXコミックス),[Kindle 版] 広江礼威  販売: 小学館,594
2018/11/11,ブラック・ラグーン（１０） (サンデーGXコミックス),[Kindle 版] 広江礼威  販売: 小学館,594
2018/11/11,ブラック・ラグーン（９） (サンデーGXコミックス),[Kindle 版] 広江礼威  販売: 小学館,594
2018/11/13,ブラック・ラグーン（８） (サンデーGXコミックス),[Kindle 版] 広江礼威  販売: 小学館,594
2018/11/14,ブラック・ラグーン（７） (サンデーGXコミックス),[Kindle 版] 広江礼威  販売: 小学館,594
2018/11/18,ブラック・ラグーン（１１） (サンデーGXコミックス),[Kindle 版] 広江礼威  販売: 小学館,648
2018/11/18,ブラック・ラグーン（４） (サンデーGXコミックス),[Kindle 版] 広江礼威  販売: 小学館,594
2018/11/18,ブラック・ラグーン（５） (サンデーGXコミックス),[Kindle 版] 広江礼威  販売: 小学館,594
2018/11/18,ブラック・ラグーン（６） (サンデーGXコミックス),[Kindle 版] 広江礼威  販売: 小学館,594
2018/12/29,***,***,2857
2018/12/30,左ききのエレン 1 (ジャンプコミックスDIGITAL),"[Kindle 版] かっぴー, nifuni  販売: 株式会社集英社",410
2018/12/31,左ききのエレン 2 (ジャンプコミックスDIGITAL),"[Kindle 版] かっぴー, nifuni  販売: 株式会社集英社",410
2018/12/31,左ききのエレン 3 (ジャンプコミックスDIGITAL),"[Kindle 版] かっぴー, nifuni  販売: 株式会社集英社",410
2019/1/1,左ききのエレン 4 (ジャンプコミックスDIGITAL),"[Kindle 版] かっぴー, nifuni  販売: 株式会社集英社",472
2019/1/1,左ききのエレン 5 (ジャンプコミックスDIGITAL),"[Kindle 版] かっぴー, nifuni  販売: 株式会社集英社",472
2019/1/1,左ききのエレン 6 (ジャンプコミックスDIGITAL),"[Kindle 版] かっぴー, nifuni  販売: 株式会社集英社",472
2019/1/4,ゴールデンゴールド（５） (モーニングコミックス),[Kindle 版] 堀尾省太  販売: 株式会社 講談社,648
2019/1/7,ONE PIECE モノクロ版 91 (ジャンプコミックスDIGITAL),[Kindle 版] 尾田栄一郎  販売: 株式会社集英社,451
2019/1/28,はっぴぃヱンド。 5巻 (デジタル版ガンガンコミックス),[Kindle 版] 有田イマリ  販売: 株式会社スクウェア・エニックス,648
2019/2/10,Ｔｈｉｓ　Ｍａｎ　その顔を見た者には死を（２） (週刊少年マガジンコミックス),"[Kindle 版] 恵広史, 花林ソラ  販売: 株式会社 講談社",454
2019/2/23,オナニーマスター黒沢（1）,"[Kindle 版] 伊瀬カツラ, ＹＯＫＯ  販売: Amazon Services International LLC",540
2019/2/23,オナニーマスター黒沢（2）,"[Kindle 版] 伊瀬カツラ, ＹＯＫＯ  販売: Amazon Services International LLC",540
2019/3/3,デバッグ・オブ・ザ・デッド　下,[Kindle 版] リーベルＧ  販売: Amazon Services International LLC,300
2019/3/3,デバッグ・オブ・ザ・デッド　上,[Kindle 版] リーベルG  販売: Amazon Services International LLC,300
2019/3/4,メタモルフォーゼの縁側(2) (カドカワデジタルコミックス),[Kindle 版] 鶴谷 香央理  販売: Amazon Services International LLC,758
2019/3/4,不完全で不衛生でふしだら　1 (電撃コミックスNEXT),[Kindle 版] すのはら風香  販売: Amazon Services International LLC,563
2019/3/22,王様ランキング　1巻,[Kindle 版] 十日草輔  販売: Amazon Services International LLC,631
2019/3/22,王様ランキング　2巻,[Kindle 版] 十日草輔  販売: Amazon Services International LLC,631
2019/3/24,オタサーの姫殺人事件（２） (少年マガジンエッジコミックス),[Kindle 版] 荒木宰  販売: 株式会社 講談社,648
2019/3/24,オタサーの姫殺人事件（３） (少年マガジンエッジコミックス),[Kindle 版] 荒木宰  販売: 株式会社 講談社,648
2019/5/6,“隠れビッチ”やってました。,[Kindle 版] あらい ぴろよ  販売: 株式会社 光文社,864
2019/6/2,いびつ　♭．3 (ヤングチャンピオン・コミックス),[Kindle 版] 岡田和人  販売: Amazon Services International LLC,533
2019/6/2,いびつ　♭．4 (ヤングチャンピオン・コミックス),[Kindle 版] 岡田和人  販売: Amazon Services International LLC,540
2019/6/2,いびつ　♭．5 (ヤングチャンピオン・コミックス),[Kindle 版] 岡田和人  販売: Amazon Services International LLC,533
2019/6/2,いびつ　♭．6 (ヤングチャンピオン・コミックス),[Kindle 版] 岡田和人  販売: Amazon Services International LLC,533
2019/6/3,いびつ　♭．7 (ヤングチャンピオン・コミックス),[Kindle 版] 岡田和人  販売: Amazon Services International LLC,533
2019/6/16,王様ランキング　3巻,[Kindle 版] 十日草輔  販売: Amazon Services International LLC,660
2019/6/16,解体屋ゲン 1巻,"[Kindle 版] 石井さだよし, 星野茂樹  販売: Amazon Services International LLC",97
2019/7/1,***,***,864
2019/7/3,メタモルフォーゼの縁側(3) (カドカワデジタルコミックス),[Kindle 版] 鶴谷 香央理  販売: Amazon Services International LLC,758
2019/7/8,ハクバノ王子サマ（１０） (ビッグコミックス),[Kindle 版] 朔ユキ蔵  販売: 小学館,594
2019/7/8,ハクバノ王子サマ（４） (ビッグコミックス),[Kindle 版] 朔ユキ蔵  販売: 小学館,594
2019/7/8,ハクバノ王子サマ（５） (ビッグコミックス),[Kindle 版] 朔ユキ蔵  販売: 小学館,594
2019/7/8,ハクバノ王子サマ（６） (ビッグコミックス),[Kindle 版] 朔ユキ蔵  販売: 小学館,594
2019/7/8,ハクバノ王子サマ（７） (ビッグコミックス),[Kindle 版] 朔ユキ蔵  販売: 小学館,594
2019/7/8,ハクバノ王子サマ（８） (ビッグコミックス),[Kindle 版] 朔ユキ蔵  販売: 小学館,594
2019/7/8,ハクバノ王子サマ（８） (ビッグコミックス),[Kindle 版] 朔ユキ蔵  販売: 小学館,594
2019/7/8,ハクバノ王子サマ（９） (ビッグコミックス),[Kindle 版] 朔ユキ蔵  販売: 小学館,594
2019/7/9,生者の行進 1 (ジャンプコミックスDIGITAL),[Kindle 版] みつちよ丸  販売: 株式会社集英社,527
2019/7/9,生者の行進 2 (ジャンプコミックスDIGITAL),[Kindle 版] みつちよ丸  販売: 株式会社集英社,616
2019/7/9,生者の行進 3 (ジャンプコミックスDIGITAL),[Kindle 版] みつちよ丸  販売: 株式会社集英社,616
2019/7/13,圧勝（８） (裏少年サンデーコミックス),[Kindle 版] 小虎  販売: 小学館,638
2019/7/14,圧勝（９） (裏少年サンデーコミックス),[Kindle 版] 小虎  販売: 小学館,638
2019/8/15,ゴールデンゴールド（６） (モーニングコミックス),[Kindle 版] 堀尾省太  販売: 株式会社 講談社,648
2019/8/15,王様ランキング　4巻,[Kindle 版] 十日草輔  販売: Amazon Services International LLC,670
2019/8/28,ROUTE END 5 (ジャンプコミックスDIGITAL),[Kindle 版] 中川海二  販売: 株式会社集英社,527
2019/8/28,ROUTE END 6 (ジャンプコミックスDIGITAL),[Kindle 版] 中川海二  販売: 株式会社集英社,616
2019/8/28,ROUTE END 7 (ジャンプコミックスDIGITAL),[Kindle 版] 中川海二  販売: 株式会社集英社,616
2019/8/28,ROUTE END 8 (ジャンプコミックスDIGITAL),[Kindle 版] 中川海二  販売: 株式会社集英社,647
2019/9/26,王様ランキング　5巻,[Kindle 版] 十日草輔  販売: Amazon Services International LLC,670
2019/10/4,不完全で不衛生でふしだら　2 (電撃コミックスNEXT),[Kindle 版] すのはら風香  販売: Amazon Services International LLC,644
2019/10/5,ここは今から倫理です。 1 (ヤングジャンプコミックスDIGITAL),[Kindle 版] 雨瀬シオリ  販売: 株式会社集英社,627
2019/10/13,ONE PIECE モノクロ版 93 (ジャンプコミックスDIGITAL),[Kindle 版] 尾田栄一郎  販売: 株式会社集英社,460
2019/10/14,ONE PIECE モノクロ版 92 (ジャンプコミックスDIGITAL),[Kindle 版] 尾田栄一郎  販売: 株式会社集英社,460
2019/10/19,三億円事件奇譚 モンタージュ（１９） (ヤングマガジンコミックス),[Kindle 版] 渡辺潤  販売: 株式会社 講談社,660
2019/10/21,僕らはみんな河合荘(11) (ヤングキングコミックス),[Kindle 版] 宮原るり  販売: Amazon Services International LLC,495
2019/10/22,僕らはみんな河合荘(10) (ヤングキングコミックス),[Kindle 版] 宮原るり  販売: Amazon Services International LLC,495
2019/10/27,テセウスの船（７） (モーニングコミックス),[Kindle 版] 東元俊哉  販売: 株式会社 講談社,660
2019/10/27,テセウスの船（８） (モーニングコミックス),[Kindle 版] 東元俊哉  販売: 株式会社 講談社,660
2019/11/1,ONE PIECE モノクロ版 94 (ジャンプコミックスDIGITAL),[Kindle 版] 尾田栄一郎  販売: 株式会社集英社,460
2020/1/9,***,***,880
2020/1/21,夫の扶養からぬけだしたい (LScomic),[Kindle 版] ゆむい  販売: Amazon Services International LLC,800
2020/1/25,王様ランキング　6巻,[Kindle 版] 十日草輔  販売: Amazon Services International LLC,683
2020/2/10,ONE PIECE モノクロ版 95 (ジャンプコミックスDIGITAL),[Kindle 版] 尾田栄一郎  販売: 株式会社集英社,460
2020/2/25,嫌がってるキミが好き(2) (リュエルコミックス),[Kindle 版] 鬼山 瑞樹  販売: Amazon Services International LLC,673
2020/2/25,嫌がってるキミが好き(3) (リュエルコミックス),[Kindle 版] 鬼山 瑞樹  販売: Amazon Services International LLC,606
2020/2/26,嫌がってるキミが好き(4) (リュエルコミックス),[Kindle 版] 鬼山 瑞樹  販売: Amazon Services International LLC,673
2020/2/26,嫌がってるキミが好き(5) (リュエルコミックス),[Kindle 版] 鬼山瑞樹  販売: Amazon Services International LLC,606
2020/3/4,うなぎ鬼 （２） (ヤングキングコミックス),"[Kindle 版] 落合裕介, 高田侑  販売: Amazon Services International LLC",495
2020/3/4,うなぎ鬼 (3) (ヤングキングコミックス),"[Kindle 版] 落合裕介, 高田侑  販売: Amazon Services International LLC",495
2020/3/21,銀の匙 Silver Spoon（１） (少年サンデーコミックス),[Kindle 版] 荒川弘  販売: 小学館,462
2020/4/27,***,***,288
2020/4/27,アルテ ３巻 (ゼノンコミックス),[Kindle 版] 大久保圭  販売: Amazon Services International LLC,191
2020/4/27,アルテ ４巻 (ゼノンコミックス),[Kindle 版] 大久保圭  販売: Amazon Services International LLC,319
2020/5/5,ONE PIECE モノクロ版 96 (ジャンプコミックスDIGITAL),[Kindle 版] 尾田栄一郎  販売: 株式会社集英社,460
2020/5/13,***,***,99
2020/5/13,***,***,99
2020/5/13,君が僕らを悪魔と呼んだ頃（１０） (マガジンポケットコミックス),[Kindle 版] さの隆  販売: 株式会社 講談社,462
2020/5/13,君が僕らを悪魔と呼んだ頃（１１） (マガジンポケットコミックス),[Kindle 版] さの隆  販売: 株式会社 講談社,462
2020/5/13,君が僕らを悪魔と呼んだ頃（１２） (マガジンポケットコミックス),[Kindle 版] さの隆  販売: 株式会社 講談社,462
2020/5/13,君が僕らを悪魔と呼んだ頃（３） (マガジンポケットコミックス),[Kindle 版] さの隆  販売: 株式会社 講談社,462
2020/5/13,君が僕らを悪魔と呼んだ頃（４） (マガジンポケットコミックス),[Kindle 版] さの隆  販売: 株式会社 講談社,462
2020/5/13,君が僕らを悪魔と呼んだ頃（５） (マガジンポケットコミックス),[Kindle 版] さの隆  販売: 株式会社 講談社,462
2020/5/13,君が僕らを悪魔と呼んだ頃（６） (マガジンポケットコミックス),[Kindle 版] さの隆  販売: 株式会社 講談社,462
2020/5/13,君が僕らを悪魔と呼んだ頃（７） (マガジンポケットコミックス),[Kindle 版] さの隆  販売: 株式会社 講談社,462
2020/5/13,君が僕らを悪魔と呼んだ頃（８） (マガジンポケットコミックス),[Kindle 版] さの隆  販売: 株式会社 講談社,462
2020/5/13,君が僕らを悪魔と呼んだ頃（９） (マガジンポケットコミックス),[Kindle 版] さの隆  販売: 株式会社 講談社,462
2020/5/19,彼女、お借りします（４） (週刊少年マガジンコミックス),[Kindle 版] 宮島礼吏  販売: 株式会社 講談社,462
2020/5/19,彼女、お借りします（５） (週刊少年マガジンコミックス),[Kindle 版] 宮島礼吏  販売: 株式会社 講談社,462
2020/5/26,恋の罪（２） (アフタヌーンコミックス),[Kindle 版] 如月芳規  販売: 株式会社 講談社,660
2020/5/26,恋の罪（３） (アフタヌーンコミックス),[Kindle 版] 如月芳規  販売: 株式会社 講談社,660
2020/5/29,当て屋の椿 16 (ヤングアニマルコミックス),[Kindle 版] 川下寛次  販売: 株式会社 白泉社,660
2020/5/30,ヒロインは絶望しました。（１） (マガジンポケットコミックス),[Kindle 版] 千田大輔  販売: 株式会社 講談社,462
2020/5/30,ヒロインは絶望しました。（２） (マガジンポケットコミックス),[Kindle 版] 千田大輔  販売: 株式会社 講談社,462
2020/6/7,だらしない夫じゃなくて依存症でした,"[Kindle 版] 三森 みさ, 今成 知美, 島内 理恵, 田中 紀子, 松井 由美, 松本 俊彦, 村瀬 華子  販売: Amazon Services International LLC",1430
2020/6/12,親愛なる僕へ殺意をこめて（４） (ヤングマガジンコミックス),"[Kindle 版] 井龍一, 伊藤翔太  販売: 株式会社 講談社",660
2020/6/12,親愛なる僕へ殺意をこめて（５） (ヤングマガジンコミックス),"[Kindle 版] 井龍一, 伊藤翔太  販売: 株式会社 講談社",660
2020/6/12,親愛なる僕へ殺意をこめて（６） (ヤングマガジンコミックス),"[Kindle 版] 井龍一, 伊藤翔太  販売: 株式会社 講談社",660
2020/6/12,親愛なる僕へ殺意をこめて（７） (ヤングマガジンコミックス),"[Kindle 版] 井龍一, 伊藤翔太  販売: 株式会社 講談社",660
2020/6/12,親愛なる僕へ殺意をこめて（８） (ヤングマガジンコミックス),"[Kindle 版] 井龍一, 伊藤翔太  販売: 株式会社 講談社",693
2020/6/12,親愛なる僕へ殺意をこめて（８） (ヤングマガジンコミックス),"[Kindle 版] 井龍一, 伊藤翔太  販売: 株式会社 講談社",693
2020/6/12,親愛なる僕へ殺意をこめて（９） (ヤングマガジンコミックス),"[Kindle 版] 井龍一, 伊藤翔太  販売: 株式会社 講談社",759
2020/6/21,弟の夫 ： 2 (アクションコミックス),[Kindle 版] 田亀源五郎  販売: Amazon Services International LLC,594
2020/6/21,弟の夫 ： 3 (アクションコミックス),[Kindle 版] 田亀源五郎  販売: Amazon Services International LLC,594
2020/6/21,弟の夫 ： 4 (アクションコミックス),[Kindle 版] 田亀源五郎  販売: Amazon Services International LLC,594
2020/6/22,サユリ (1) (バーズコミックス),[Kindle 版] 押切蓮介  販売: Amazon Services International LLC,649
2020/6/22,サユリ (2) (バーズコミックス),[Kindle 版] 押切蓮介  販売: Amazon Services International LLC,649
2020/6/22,ミスミソウ 完全版 ： 6 (アクションコミックス),[Kindle 版] 押切蓮介  販売: Amazon Services International LLC,396
2020/6/28,おくることば（３） (シリウスコミックス),[Kindle 版] 町田とし子  販売: 株式会社 講談社,660
2020/7/4,ゴールデンゴールド（７） (モーニングコミックス),[Kindle 版] 堀尾省太  販売: 株式会社 講談社,671
2020/7/7,マイホームヒーロー（１０） (ヤングマガジンコミックス),"[Kindle 版] 山川直輝, 朝基まさし  販売: 株式会社 講談社",660
2020/7/7,マイホームヒーロー（１１） (ヤングマガジンコミックス),"[Kindle 版] 山川直輝, 朝基まさし  販売: 株式会社 講談社",693
2020/7/8,ザ・ファブル（６） (ヤングマガジンコミックス),[Kindle 版] 南勝久  販売: 株式会社 講談社,660
2020/7/8,ザ・ファブル（７） (ヤングマガジンコミックス),[Kindle 版] 南勝久  販売: 株式会社 講談社,660
2020/7/8,ザ・ファブル（８） (ヤングマガジンコミックス),[Kindle 版] 南勝久  販売: 株式会社 講談社,660
2020/7/8,ザ・ファブル（９） (ヤングマガジンコミックス),[Kindle 版] 南勝久  販売: 株式会社 講談社,660
2020/7/8,マイホームヒーロー（７） (ヤングマガジンコミックス),"[Kindle 版] 山川直輝, 朝基まさし  販売: 株式会社 講談社",660
2020/7/8,マイホームヒーロー（８） (ヤングマガジンコミックス),"[Kindle 版] 山川直輝, 朝基まさし  販売: 株式会社 講談社",660
2020/7/8,マイホームヒーロー（９） (ヤングマガジンコミックス),"[Kindle 版] 山川直輝, 朝基まさし  販売: 株式会社 講談社",660
2020/7/9,マイホームヒーロー（５） (ヤングマガジンコミックス),"[Kindle 版] 山川直輝, 朝基まさし  販売: 株式会社 講談社",660
2020/7/9,マイホームヒーロー（６） (ヤングマガジンコミックス),"[Kindle 版] 山川直輝, 朝基まさし  販売: 株式会社 講談社",660
2020/7/9,童貞噺（２） (コミックＤＡＹＳコミックス),[Kindle 版] Ｇｉｎｏ０８０８  販売: 株式会社 講談社,660
2020/7/13,ホームルーム（７） (コミックＤＡＹＳコミックス),[Kindle 版] 千代  販売: 株式会社 講談社,660
2020/7/13,ホームルーム（８） (コミックＤＡＹＳコミックス),[Kindle 版] 千代  販売: 株式会社 講談社,693
2020/7/15,無能なナナ 5巻 (デジタル版ガンガンコミックス),"[Kindle 版] るーすぼーい, 古屋庵  販売: 株式会社スクウェア・エニックス",730
2020/7/15,無能なナナ 6巻 (デジタル版ガンガンコミックス),"[Kindle 版] るーすぼーい, 古屋庵  販売: 株式会社スクウェア・エニックス",730
2020/7/17,深夜のダメ恋図鑑（７） (フラワーコミックス),[Kindle 版] 尾崎衣良  販売: 小学館,462
2020/7/17,深夜のダメ恋図鑑（７） (フラワーコミックス),[Kindle 版] 尾崎衣良  販売: 小学館,462
2020/7/17,深夜のダメ恋図鑑（７） (フラワーコミックス),[Kindle 版] 尾崎衣良  販売: 小学館,462
2020/7/25,妻、小学生になる。　２巻 (芳文社コミックス),[Kindle 版] 村田椰融  販売: Amazon Services International LLC,594
2020/7/25,千年狐　一　～干宝「捜神記」より～ (MFコミックス　フラッパーシリーズ),[Kindle 版] 張 六郎  販売: Amazon Services International LLC,644
2020/7/25,千年狐　三　～干宝「捜神記」より～ (MFコミックス　フラッパーシリーズ),[Kindle 版] 張 六郎  販売: Amazon Services International LLC,673
2020/7/25,千年狐　二　～干宝「捜神記」より～ (MFコミックス　フラッパーシリーズ),[Kindle 版] 張 六郎  販売: Amazon Services International LLC,673
2020/7/26,あいだにはたち（６） (コミックＤＡＹＳコミックス),[Kindle 版] さおとめやぎ  販売: 株式会社 講談社,660
2020/7/26,千年狐　三　～干宝「捜神記」より～ (MFコミックス　フラッパーシリーズ),[Kindle 版] 張 六郎  販売: Amazon Services International LLC,673
2020/7/26,千年狐　四　～干宝「捜神記」より～ (MFコミックス　フラッパーシリーズ),[Kindle 版] 張 六郎  販売: Amazon Services International LLC,741
2020/7/27,カマかけたらクロでした (コミックエッセイ),[Kindle 版] うえみ あゆみ  販売: Amazon Services International LLC,871
2020/7/27,ただ離婚してないだけ 1 (ヤングアニマルコミックス),[Kindle 版] 本田優貴  販売: 株式会社 白泉社,660
2020/7/27,ただ離婚してないだけ【電子限定おまけ付き】 2 (ヤングアニマルコミックス),[Kindle 版] 本田優貴  販売: 株式会社 白泉社,660
2020/7/27,ただ離婚してないだけ【電子限定おまけ付き】 3 (ヤングアニマルコミックス),[Kindle 版] 本田優貴  販売: 株式会社 白泉社,660
2020/7/27,ただ離婚してないだけ【電子限定おまけ付き】 4 (ヤングアニマルコミックス),[Kindle 版] 本田優貴  販売: 株式会社 白泉社,660
2020/7/27,ただ離婚してないだけ【電子限定おまけ付き】 5 (ヤングアニマルコミックス),[Kindle 版] 本田優貴  販売: 株式会社 白泉社,660
2020/7/27,金魚妻 2 (ヤングジャンプコミックスDIGITAL),[Kindle 版] 黒澤R  販売: 株式会社集英社,627
2020/7/27,離婚してもいいですか？ 翔子の場合 (コミックエッセイ),[Kindle 版] 野原 広子  販売: Amazon Services International LLC,990
2020/7/28,ランド（１０） (モーニングコミックス),[Kindle 版] 山下和美  販売: 株式会社 講談社,671
2020/7/28,ランド（８） (モーニングコミックス),[Kindle 版] 山下和美  販売: 株式会社 講談社,660
2020/7/28,ランド（９） (モーニングコミックス),[Kindle 版] 山下和美  販売: 株式会社 講談社,770
2020/8/3,金田一３７歳の事件簿（１） (イブニングコミックス),"[Kindle 版] 天樹征丸, さとうふみや  販売: 株式会社 講談社",660
2020/8/4,今日も拒まれてます～セックスレス・ハラスメント 嫁日記～ （3） (ぶんか社コミックス),[Kindle 版] ポレポレ美  販売: Amazon Services International LLC,594
2020/8/4,今日も拒まれてます～セックスレス・ハラスメント 嫁日記～ （4） (ぶんか社コミックス),[Kindle 版] ポレポレ美  販売: Amazon Services International LLC,594
2020/8/4,今日も拒まれてます～セックスレス・ハラスメント 嫁日記～ （5） (ぶんか社コミックス),[Kindle 版] ポレポレ美  販売: Amazon Services International LLC,594
2020/8/4,今日も拒まれてます～セックスレス・ハラスメント 嫁日記～ （6） (ぶんか社コミックス),[Kindle 版] ポレポレ美  販売: Amazon Services International LLC,594
2020/8/7,人間失格　3巻（完） (バンチコミックス),"[Kindle 版] 古屋 兎丸, 太宰 治  販売: Amazon Services International LLC",462
2020/8/11,3月のライオン 13 (ヤングアニマルコミックス),[Kindle 版] 羽海野チカ  販売: 株式会社 白泉社,534
2020/8/11,3月のライオン 14 (ヤングアニマルコミックス),[Kindle 版] 羽海野チカ  販売: 株式会社 白泉社,534
2020/8/11,3月のライオン 15 (ヤングアニマルコミックス),[Kindle 版] 羽海野チカ  販売: 株式会社 白泉社,594
2020/9/14,喰う寝るふたり 住むふたり ３巻 (ゼノンコミックス),[Kindle 版] 日暮キノコ  販売: Amazon Services International LLC,535
2020/9/24,事件はスカートの中で（１） (コミックＤＡＹＳコミックス),[Kindle 版] ずみ子  販売: 株式会社 講談社,693
2020/10/12,***,***,22
2020/10/19,ONE PIECE モノクロ版 97 (ジャンプコミックスDIGITAL),[Kindle 版] 尾田栄一郎  販売: 株式会社集英社,460
2020/10/27,金魚妻 (ヤングジャンプコミックスDIGITAL),[Kindle 版] 黒澤R  販売: 株式会社集英社,627
2020/11/5,あなたが甘くねだるまで 1 (ヤングアニマルコミックス),[Kindle 版] ディビ  販売: 株式会社 白泉社,715
2020/11/16,***,***,102
2020/11/24,雪女と蟹を食う（３） (ヤングマガジンコミックス),[Kindle 版] Ｇｉｎｏ０８０８  販売: 株式会社 講談社,660
2020/11/24,雪女と蟹を食う（４） (ヤングマガジンコミックス),[Kindle 版] Ｇｉｎｏ０８０８  販売: 株式会社 講談社,693
2020/11/24,雪女と蟹を食う（６） (ヤングマガジンコミックス),[Kindle 版] Ｇｉｎｏ０８０８  販売: 株式会社 講談社,693
2020/11/25,雪女と蟹を食う（２） (ヤングマガジンコミックス),[Kindle 版] Ｇｉｎｏ０８０８  販売: 株式会社 講談社,660
2020/11/25,雪女と蟹を食う（５） (ヤングマガジンコミックス),[Kindle 版] Ｇｉｎｏ０８０８  販売: 株式会社 講談社,693
2020/11/30,Kindle Unlimited,販売: Amazon Services International LLC,980
2020/11/30,ブラック芸能事務所ですが何か？　１巻 (芳文社コミックス),[Kindle 版] ｕｓｉ  販売: Amazon Services International LLC,648
2020/11/30,夏目アラタの結婚（１） (ビッグコミックス),[Kindle 版] 乃木坂太郎  販売: 小学館,605
2020/11/30,夏目アラタの結婚（２） (ビッグコミックス),[Kindle 版] 乃木坂太郎  販売: 小学館,605
2020/11/30,夏目アラタの結婚（３） (ビッグコミックス),[Kindle 版] 乃木坂太郎  販売: 小学館,605
2020/11/30,夏目アラタの結婚（４） (ビッグコミックス),[Kindle 版] 乃木坂太郎  販売: 小学館,605
2020/11/30,夢で見たあの子のために(3) (角川コミックス・エース),[Kindle 版] 三部 けい  販売: Amazon Services International LLC,574
2020/11/30,夢で見たあの子のために(4) (角川コミックス・エース),[Kindle 版] 三部 けい  販売: Amazon Services International LLC,614
2020/11/30,夢で見たあの子のために(5) (角川コミックス・エース),[Kindle 版] 三部 けい  販売: Amazon Services International LLC,614
2020/11/30,夢で見たあの子のために(6) (角川コミックス・エース),[Kindle 版] 三部 けい  販売: Amazon Services International LLC,634
2020/11/30,明日、私は誰かのカノジョ（１） (サイコミ×裏少年サンデーコミックス),[Kindle 版] をのひなお  販売: 小学館,660
2020/12/1,アカイリンゴ（１） (コミックＤＡＹＳコミックス),[Kindle 版] ムラタコウジ  販売: 株式会社 講談社,693
2020/12/1,さっちゃん、僕は。 4 (ジャンプコミックスDIGITAL),[Kindle 版] 朝賀庵  販売: 株式会社集英社,680
2020/12/1,水溜まりに浮かぶ島（１） (イブニングコミックス),[Kindle 版] 三部けい  販売: 株式会社 講談社,671
2020/12/1,水溜まりに浮かぶ島（２） (イブニングコミックス),[Kindle 版] 三部けい  販売: 株式会社 講談社,671
2020/12/2,ここは今から倫理です。 2 (ヤングジャンプコミックスDIGITAL),[Kindle 版] 雨瀬シオリ  販売: 株式会社集英社,627
2020/12/2,ここは今から倫理です。 3 (ヤングジャンプコミックスDIGITAL),[Kindle 版] 雨瀬シオリ  販売: 株式会社集英社,627
2020/12/2,ここは今から倫理です。 4 (ヤングジャンプコミックスDIGITAL),[Kindle 版] 雨瀬シオリ  販売: 株式会社集英社,627
2020/12/7,雪女と蟹を食う（７） (ヤングマガジンコミックス),[Kindle 版] Ｇｉｎｏ０８０８  販売: 株式会社 講談社,693
2020/12/31,Kindle Unlimited,販売: Amazon Services International LLC,980
2021/1/10,進撃の巨人（２７） (週刊少年マガジンコミックス),[Kindle 版] 諫山創  販売: 株式会社 講談社,462
2021/1/10,進撃の巨人（２８） (週刊少年マガジンコミックス),[Kindle 版] 諫山創  販売: 株式会社 講談社,462
2021/1/10,進撃の巨人（２９） (週刊少年マガジンコミックス),[Kindle 版] 諫山創  販売: 株式会社 講談社,462
2021/1/10,進撃の巨人（３０） (週刊少年マガジンコミックス),[Kindle 版] 諫山創  販売: 株式会社 講談社,462
2021/1/10,進撃の巨人（３１） (週刊少年マガジンコミックス),[Kindle 版] 諫山創  販売: 株式会社 講談社,462
2021/1/10,進撃の巨人（３２） (週刊少年マガジンコミックス),[Kindle 版] 諫山創  販売: 株式会社 講談社,462
2021/1/10,進撃の巨人（３３） (週刊少年マガジンコミックス),[Kindle 版] 諫山創  販売: 株式会社 講談社,462
2021/1/11,進撃の巨人（２５） (週刊少年マガジンコミックス),[Kindle 版] 諫山創  販売: 株式会社 講談社,462
2021/1/11,進撃の巨人（２６） (週刊少年マガジンコミックス),[Kindle 版] 諫山創  販売: 株式会社 講談社,462
2021/1/12,銀魂 モノクロ版 77 (ジャンプコミックスDIGITAL),[Kindle 版] 空知英秋  販売: 株式会社集英社,732
2021/1/12,進撃の巨人（２４） (週刊少年マガジンコミックス),[Kindle 版] 諫山創  販売: 株式会社 講談社,462
2021/1/18,ここは今から倫理です。 5 (ヤングジャンプコミックスDIGITAL),[Kindle 版] 雨瀬シオリ  販売: 株式会社集英社,627
2021/1/18,虚構推理（１１） (月刊少年マガジンR),"[Kindle 版] 城平京, 片瀬茶柴  販売: 株式会社 講談社",462
2021/1/18,虚構推理（１２） (月刊少年マガジンR),"[Kindle 版] 城平京, 片瀬茶柴  販売: 株式会社 講談社",462
2021/1/18,虚構推理（１３） (月刊少年マガジンR),"[Kindle 版] 片瀬茶柴, 城平京  販売: 株式会社 講談社",462
2021/1/27,虚構推理（１４） (月刊少年マガジンR),"[Kindle 版] 片瀬茶柴, 城平京  販売: 株式会社 講談社",462
2021/1/27,結ばる焼け跡 1,[Kindle 版] 雨瀬シオリ  販売: Amazon Services International LLC,594
2021/1/27,結ばる焼け跡 2,[Kindle 版] 雨瀬シオリ  販売: Amazon Services International LLC,594
2021/1/27,夢で見たあの子のために(7) (角川コミックス・エース),[Kindle 版] 三部 けい  販売: Amazon Services International LLC,634
2021/1/31,Kindle Unlimited,販売: Amazon Services International LLC,980
2021/2/13,怪病医ラムネ（３） (シリウスコミックス),[Kindle 版] 阿呆トロ  販売: 株式会社 講談社,660
2021/2/13,怪病医ラムネ（４） (シリウスコミックス),[Kindle 版] 阿呆トロ  販売: 株式会社 講談社,715
2021/2/15,外道の歌(2) (ヤングキングコミックス),[Kindle 版] 渡邊ダイスケ  販売: Amazon Services International LLC,495
2021/2/15,外道の歌(3) (ヤングキングコミックス),[Kindle 版] 渡邊ダイスケ  販売: Amazon Services International LLC,495
2021/2/15,外道の歌(4) (ヤングキングコミックス),[Kindle 版] 渡邊ダイスケ  販売: Amazon Services International LLC,495
2021/2/15,外道の歌(5) (ヤングキングコミックス),[Kindle 版] 渡邊ダイスケ  販売: Amazon Services International LLC,495
2021/2/15,外道の歌(6) (ヤングキングコミックス),[Kindle 版] 渡邊ダイスケ  販売: Amazon Services International LLC,495
2021/2/15,鬼ゴロシ 1,[Kindle 版] 河部真道  販売: Amazon Services International LLC,495
2021/2/16,園田の歌(1) (ヤングキングコミックス),"[Kindle 版] 渡邊ダイスケ, 永田諒  販売: Amazon Services International LLC",495
2021/2/16,死役所　13巻: バンチコミックス,[Kindle 版] あずみきし  販売: Amazon Services International LLC,505
2021/2/16,死役所　15巻: バンチコミックス,[Kindle 版] あずみきし  販売: Amazon Services International LLC,525
2021/2/17,コンフィデンスマンJP　プリンセス編,"[Prime ビデオ] 田中亮, 古沢良太, 梶本圭 ...",500
2021/2/22,あなたがしてくれなくても ： 2 (アクションコミックス),[Kindle 版] ハルノ晴  販売: Amazon Services International LLC,616
2021/2/22,あなたがしてくれなくても ： 3 (アクションコミックス),[Kindle 版] ハルノ晴  販売: Amazon Services International LLC,616
2021/2/22,あなたがしてくれなくても ： 4 (アクションコミックス),[Kindle 版] ハルノ晴  販売: Amazon Services International LLC,616
2021/2/22,あなたがしてくれなくても ： 5 (アクションコミックス),[Kindle 版] ハルノ晴  販売: Amazon Services International LLC,616
2021/2/22,あなたがしてくれなくても ： 6 (アクションコミックス),[Kindle 版] ハルノ晴  販売: Amazon Services International LLC,676
2021/2/22,ウチのモラハラ旦那＆義母、どーにかしてください！　闘う嫁のサバイバル術,"[Kindle 版] maron, 高田 真弓  販売: Amazon Services International LLC",1300
2021/2/22,ケーキの切れない非行少年たち　1巻: バンチコミックス,"[Kindle 版] 宮口幸治, 鈴木マサカズ, 鈴木 マサカズ  販売: Amazon Services International LLC",554
2021/2/22,さっちゃん、僕は。 1 (ジャンプコミックスDIGITAL),[Kindle 版] 朝賀庵  販売: 株式会社集英社,627
2021/2/22,当て屋の椿 17 (ヤングアニマルコミックス),[Kindle 版] 川下寛次  販売: 株式会社 白泉社,660
2021/2/24,ゴールデンゴールド（８） (モーニングコミックス),[Kindle 版] 堀尾省太  販売: 株式会社 講談社,682
2021/2/24,復讐の未亡人 ： 13 (アクションコミックス),[Kindle 版] 黒澤Ｒ  販売: Amazon Services International LLC,327
2021/3/4,ONE PIECE モノクロ版 98 (ジャンプコミックスDIGITAL),[Kindle 版] 尾田栄一郎  販売: 株式会社集英社,460
2021/3/8,呪術廻戦 1 (ジャンプコミックスDIGITAL),[Kindle 版] 芥見下々  販売: 株式会社集英社,460
2021/3/8,呪術廻戦 10 (ジャンプコミックスDIGITAL),[Kindle 版] 芥見下々  販売: 株式会社集英社,460
2021/3/8,呪術廻戦 11 (ジャンプコミックスDIGITAL),[Kindle 版] 芥見下々  販売: 株式会社集英社,460
2021/3/8,呪術廻戦 11 (ジャンプコミックスDIGITAL),[Kindle 版] 芥見下々  販売: 株式会社集英社,460
2021/3/8,呪術廻戦 12 (ジャンプコミックスDIGITAL),[Kindle 版] 芥見下々  販売: 株式会社集英社,460
2021/3/8,呪術廻戦 13 (ジャンプコミックスDIGITAL),[Kindle 版] 芥見下々  販売: 株式会社集英社,460
2021/3/8,呪術廻戦 14 (ジャンプコミックスDIGITAL),[Kindle 版] 芥見下々  販売: 株式会社集英社,460
2021/3/8,呪術廻戦 15 (ジャンプコミックスDIGITAL),[Kindle 版] 芥見下々  販売: 株式会社集英社,460
2021/3/8,呪術廻戦 2 (ジャンプコミックスDIGITAL),[Kindle 版] 芥見下々  販売: 株式会社集英社,460
2021/3/8,呪術廻戦 3 (ジャンプコミックスDIGITAL),[Kindle 版] 芥見下々  販売: 株式会社集英社,460
2021/3/8,呪術廻戦 4 (ジャンプコミックスDIGITAL),[Kindle 版] 芥見下々  販売: 株式会社集英社,460
2021/3/8,呪術廻戦 5 (ジャンプコミックスDIGITAL),[Kindle 版] 芥見下々  販売: 株式会社集英社,460
2021/3/8,呪術廻戦 6 (ジャンプコミックスDIGITAL),[Kindle 版] 芥見下々  販売: 株式会社集英社,460
2021/3/8,呪術廻戦 7 (ジャンプコミックスDIGITAL),[Kindle 版] 芥見下々  販売: 株式会社集英社,460
2021/3/8,呪術廻戦 8 (ジャンプコミックスDIGITAL),[Kindle 版] 芥見下々  販売: 株式会社集英社,460
2021/3/8,呪術廻戦 9 (ジャンプコミックスDIGITAL),[Kindle 版] 芥見下々  販売: 株式会社集英社,460
2021/3/9,AV男優はじめました　1巻: バンチコミックス,[Kindle 版] 蛙野エレファンテ  販売: Amazon Services International LLC,554
2021/3/9,AV男優はじめました　2巻【電子特典付き】: バンチコミックス,[Kindle 版] 蛙野エレファンテ  販売: Amazon Services International LLC,554
2021/3/9,意味がわかると怖い4コマ,[Kindle 版] 湖西晶  販売: Amazon Services International LLC,1035
2021/3/9,呪術廻戦 0 東京都立呪術高等専門学校 (ジャンプコミックスDIGITAL),[Kindle 版] 芥見下々  販売: 株式会社集英社,460
2021/3/10,***,***,550
2021/3/10,***,***,550
2021/3/10,***,***,550
2021/3/10,***,***,880
2021/3/10,匿名の彼女たち（６） (ヤングマガジンコミックス),[Kindle 版] 五十嵐健三  販売: 株式会社 講談社,660
2021/3/15,雪女と蟹を食う（８） (ヤングマガジンコミックス),[Kindle 版] Ｇｉｎｏ０８０８  販売: 株式会社 講談社,660
2021/3/16,恋は妄毒（１） (コミックＤＡＹＳコミックス),[Kindle 版] 桃聖純矢  販売: 株式会社 講談社,682
2021/3/17,愛されるより○されたい 1 (ジャンプコミックスDIGITAL),[Kindle 版] ユーキあきら  販売: 株式会社集英社,418
2021/3/17,愛されるより○されたい 2 (ジャンプコミックスDIGITAL),[Kindle 版] ユーキあきら  販売: 株式会社集英社,418
2021/3/18,ギャングース（１０） (モーニングコミックス),"[Kindle 版] 肥谷圭介, 鈴木大介  販売: 株式会社 講談社",660
2021/3/18,ギャングース（１１） (モーニングコミックス),"[Kindle 版] 肥谷圭介, 鈴木大介  販売: 株式会社 講談社",660
2021/3/18,ギャングース（１２） (モーニングコミックス),"[Kindle 版] 肥谷圭介, 鈴木大介  販売: 株式会社 講談社",660
2021/3/18,ギャングース（１３） (モーニングコミックス),"[Kindle 版] 肥谷圭介, 鈴木大介  販売: 株式会社 講談社",660
2021/3/18,ギャングース（１５） (モーニングコミックス),"[Kindle 版] 肥谷圭介, 鈴木大介  販売: 株式会社 講談社",660
2021/3/18,ギャングース（１６） (モーニングコミックス),"[Kindle 版] 肥谷圭介, 鈴木大介  販売: 株式会社 講談社",660
2021/3/18,ギャングース（４） (モーニングコミックス),"[Kindle 版] 肥谷圭介, 鈴木大介  販売: 株式会社 講談社",660
2021/3/18,ギャングース（５） (モーニングコミックス),"[Kindle 版] 肥谷圭介, 鈴木大介  販売: 株式会社 講談社",660
2021/3/18,ギャングース（６） (モーニングコミックス),"[Kindle 版] 肥谷圭介, 鈴木大介  販売: 株式会社 講談社",660
2021/3/18,ギャングース（７） (モーニングコミックス),"[Kindle 版] 肥谷圭介, 鈴木大介  販売: 株式会社 講談社",660
2021/3/18,ギャングース（８） (モーニングコミックス),"[Kindle 版] 肥谷圭介, 鈴木大介  販売: 株式会社 講談社",660
2021/3/18,ギャングース（９） (モーニングコミックス),"[Kindle 版] 肥谷圭介, 鈴木大介  販売: 株式会社 講談社",660
2021/4/8,ONE PIECE カラー版 81 (ジャンプコミックスDIGITAL),[Kindle 版] 尾田栄一郎  販売: 株式会社集英社,528
2021/4/8,ONE PIECE モノクロ版 81 (ジャンプコミックスDIGITAL),[Kindle 版] 尾田栄一郎  販売: 株式会社集英社,460
2021/4/8,ONE PIECE モノクロ版 82 (ジャンプコミックスDIGITAL),[Kindle 版] 尾田栄一郎  販売: 株式会社集英社,460
2021/5/10,ふたりソロキャンプ（３） (イブニングコミックス),[Kindle 版] 出端祐大  販売: 株式会社 講談社,660
2021/5/10,ふたりソロキャンプ（４） (イブニングコミックス),[Kindle 版] 出端祐大  販売: 株式会社 講談社,660
2021/5/10,ふたりソロキャンプ（５） (イブニングコミックス),[Kindle 版] 出端祐大  販売: 株式会社 講談社,671
2021/5/10,ふたりソロキャンプ（６） (イブニングコミックス),[Kindle 版] 出端祐大  販売: 株式会社 講談社,671
2021/5/10,ふたりソロキャンプ（７） (イブニングコミックス),[Kindle 版] 出端祐大  販売: 株式会社 講談社,671
2021/5/10,ふたりソロキャンプ（８） (イブニングコミックス),[Kindle 版] 出端祐大  販売: 株式会社 講談社,671
2021/5/10,ふたりソロキャンプ（９） (イブニングコミックス),[Kindle 版] 出端祐大  販売: 株式会社 講談社,682
2021/5/18,しいちゃん、あのね 1,[Kindle 版] 東裏友希  販売: Amazon Services International LLC,544
2021/5/18,しいちゃん、あのね 2,[Kindle 版] 東裏友希  販売: Amazon Services International LLC,544
2021/5/18,しいちゃん、あのね 3,[Kindle 版] 東裏友希  販売: Amazon Services International LLC,544
2021/5/23,鬼ゴロシ 2,[Kindle 版] 河部真道  販売: Amazon Services International LLC,644
2021/6/19,しいちゃん、あのね 4,[Kindle 版] 東裏友希  販売: Amazon Services International LLC,544
2021/6/20,しいちゃん、あのね 5,[Kindle 版] 東裏友希  販売: Amazon Services International LLC,544
2021/7/6,ONE PIECE モノクロ版 99 (ジャンプコミックスDIGITAL),[Kindle 版] 尾田栄一郎  販売: 株式会社集英社,460
2021/8/2,言えないことをしたのは誰？（２） (Ｋｉｓｓコミックス),[Kindle 版] さいきまこ  販売: 株式会社 講談社,550
2021/8/2,言えないことをしたのは誰？（３） (Ｋｉｓｓコミックス),[Kindle 版] さいきまこ  販売: 株式会社 講談社,550
2021/8/2,言えないことをしたのは誰？（４） (Ｋｉｓｓコミックス),[Kindle 版] さいきまこ  販売: 株式会社 講談社,550
2021/9/10,ハコヅメ～交番女子の逆襲～（１０） (モーニングコミックス),[Kindle 版] 泰三子  販売: 株式会社 講談社,660
2021/9/11,ハコヅメ～交番女子の逆襲～（１１） (モーニングコミックス),[Kindle 版] 泰三子  販売: 株式会社 講談社,660
2021/9/11,ハコヅメ～交番女子の逆襲～（１２） (モーニングコミックス),[Kindle 版] 泰三子  販売: 株式会社 講談社,671
2021/9/23,ハコヅメ～交番女子の逆襲～（１５） (モーニングコミックス),[Kindle 版] 泰三子  販売: 株式会社 講談社,671
2021/9/28,ハコヅメ～交番女子の逆襲～　別章　アンボックス (モーニングコミックス),[Kindle 版] 泰三子  販売: 株式会社 講談社,682
2021/9/28,ハコヅメ～交番女子の逆襲～（１６） (モーニングコミックス),[Kindle 版] 泰三子  販売: 株式会社 講談社,682
2021/9/28,ハコヅメ～交番女子の逆襲～（１７） (モーニングコミックス),[Kindle 版] 泰三子  販売: 株式会社 講談社,682
2021/9/28,ハコヅメ～交番女子の逆襲～（１８） (モーニングコミックス),[Kindle 版] 泰三子  販売: 株式会社 講談社,682
2021/10/11,ONE PIECE モノクロ版 100 (ジャンプコミックスDIGITAL),[Kindle 版] 尾田栄一郎  販売: 株式会社集英社,460
2021/10/11,あなたがしてくれなくても ： 7 (アクションコミックス),[Kindle 版] ハルノ晴  販売: Amazon Services International LLC,687
2021/11/24,ハコヅメ～交番女子の逆襲～（１９） (モーニングコミックス),[Kindle 版] 泰三子  販売: 株式会社 講談社,682
2022/1/6,ONE PIECE モノクロ版 101 (ジャンプコミックスDIGITAL),[Kindle 版] 尾田栄一郎  販売: 株式会社集英社,460
2022/1/13,瓜を破る　２巻 (ラバココミックス),[Kindle 版] 板倉梓  販売: Amazon Services International LLC,594
2022/1/13,瓜を破る　３巻 (ラバココミックス),[Kindle 版] 板倉梓  販売: Amazon Services International LLC,594
2022/2/6,明日、私は誰かのカノジョ（２） (サイコミ×裏少年サンデーコミックス),[Kindle 版] をのひなお  販売: 小学館,660
2022/2/6,明日、私は誰かのカノジョ（３） (サイコミ×裏少年サンデーコミックス),[Kindle 版] をのひなお  販売: 小学館,660
2022/3/4,にぶんのいち夫婦 (8),"[Kindle 版] 黒沢明世, 夏川ゆきの  販売: Amazon Services International LLC",594
2022/5/1,ブラック・ラグーン（１２） (サンデーGXコミックス),[Kindle 版] 広江礼威  販売: 小学館,693
2022/5/3,ONE PIECE モノクロ版 102 (ジャンプコミックスDIGITAL),[Kindle 版] 尾田栄一郎  販売: 株式会社集英社,460
2022/5/28,ハコヅメ～交番女子の逆襲～（２０） (モーニングコミックス),[Kindle 版] 泰三子  販売: 株式会社 講談社,693
2022/5/29,ハコヅメ～交番女子の逆襲～（１４） (モーニングコミックス),[Kindle 版] 泰三子  販売: 株式会社 講談社,671
2022/5/30,ハコヅメ～交番女子の逆襲～（１３） (モーニングコミックス),[Kindle 版] 泰三子  販売: 株式会社 講談社,671
2022/5/30,ハコヅメ～交番女子の逆襲～（９） (モーニングコミックス),[Kindle 版] 泰三子  販売: 株式会社 講談社,660
2022/6/6,少年のアビス 4 (ヤングジャンプコミックスDIGITAL),[Kindle 版] 峰浪りょう  販売: 株式会社集英社,659
2022/6/6,少年のアビス 5 (ヤングジャンプコミックスDIGITAL),[Kindle 版] 峰浪りょう  販売: 株式会社集英社,659
2022/6/6,少年のアビス 6 (ヤングジャンプコミックスDIGITAL),[Kindle 版] 峰浪りょう  販売: 株式会社集英社,659
2022/6/6,少年のアビス 7 (ヤングジャンプコミックスDIGITAL),[Kindle 版] 峰浪りょう  販売: 株式会社集英社,659
2022/6/6,少年のアビス 8 (ヤングジャンプコミックスDIGITAL),[Kindle 版] 峰浪りょう  販売: 株式会社集英社,659
2022/6/6,千年狐　五　～干宝「捜神記」より～ (MFコミックス　フラッパーシリーズ),[Kindle 版] 張 六郎  販売: Amazon Services International LLC,673
2022/6/6,千年狐　七　～干宝「捜神記」より～ (MFコミックス　フラッパーシリーズ),[Kindle 版] 張 六郎  販売: Amazon Services International LLC,673
2022/6/6,千年狐　六　～干宝「捜神記」より～ (MFコミックス　フラッパーシリーズ),[Kindle 版] 張 六郎  販売: Amazon Services International LLC,673
2022/6/7,AV男優はじめました　3巻【電子特典付き】: バンチコミックス,[Kindle 版] 蛙野エレファンテ  販売: Amazon Services International LLC,616
2022/6/7,AV男優はじめました　4巻【電子特典付き】 (バンチコミックス),[Kindle 版] 蛙野エレファンテ  販売: Amazon Services International LLC,616
2022/6/7,あなたがしてくれなくても ： 8 (アクションコミックス),[Kindle 版] ハルノ晴  販売: Amazon Services International LLC,638
2022/6/7,ゴールデンゴールド（９） (モーニングコミックス),[Kindle 版] 堀尾省太  販売: 株式会社 講談社,682
2022/6/7,ここは今から倫理です。 6 (ヤングジャンプコミックスDIGITAL),[Kindle 版] 雨瀬シオリ  販売: 株式会社集英社,627
2022/6/7,ふたりソロキャンプ（１２） (イブニングコミックス),[Kindle 版] 出端祐大  販売: 株式会社 講談社,682
2022/6/7,マザーパラサイト 4巻 (ゼノンコミックス),[Kindle 版] 佐藤洋寿  販売: Amazon Services International LLC,594
2022/6/7,マザーパラサイト 5巻 【特典イラスト付き】 (ゼノンコミックス),[Kindle 版] 佐藤洋寿  販売: Amazon Services International LLC,594
2022/6/7,瓜を破る　１巻 (ラバココミックス),[Kindle 版] 板倉梓  販売: Amazon Services International LLC,660
2022/6/7,瓜を破る　４巻 (ラバココミックス),[Kindle 版] 板倉梓  販売: Amazon Services International LLC,594
2022/6/7,少年のアビス 3 (ヤングジャンプコミックスDIGITAL),[Kindle 版] 峰浪りょう  販売: 株式会社集英社,659
2022/6/7,毒親サバイバル (LScomic),[Kindle 版] 菊池 真理子  販売: Amazon Services International LLC,1089
2022/6/7,夢で見たあの子のために(10) (角川コミックス・エース),[Kindle 版] 三部 けい  販売: Amazon Services International LLC,697
2022/6/7,夢で見たあの子のために(8) (角川コミックス・エース),[Kindle 版] 三部 けい  販売: Amazon Services International LLC,634
2022/6/7,夢で見たあの子のために(9) (角川コミックス・エース),[Kindle 版] 三部 けい  販売: Amazon Services International LLC,634
2022/6/8,教え子がAV女優、監督はボク。（６） (裏少年サンデーコミックス),[Kindle 版] 村西てんが  販売: 小学館,693
2022/6/13,アラサーちゃん　無修正１ (ＳＰＡ！コミックス),[Kindle 版] 峰 なゆか  販売: Amazon Services International LLC,99
2022/6/20,ジェノサイダー １巻 (ゼノンコミックス),"[Kindle 版] 宮崎摩耶, 秋吉宣宏  販売: Amazon Services International LLC",535
2022/6/20,ジェノサイダー ２巻 (ゼノンコミックス),"[Kindle 版] 宮崎摩耶, 秋吉宣宏  販売: Amazon Services International LLC",594
2022/6/20,ジェノサイダー ３巻 (ゼノンコミックス),"[Kindle 版] 宮崎摩耶, 秋吉宣宏  販売: Amazon Services International LLC",594
2022/6/20,ジェノサイダー ４巻 (ゼノンコミックス),"[Kindle 版] 宮崎摩耶, 秋吉宣宏  販売: Amazon Services International LLC",535
2022/6/20,ランド（１１） (モーニングコミックス),[Kindle 版] 山下和美  販売: 株式会社 講談社,770
2022/6/20,鬼ゴロシ 3,[Kindle 版] 河部真道  販売: Amazon Services International LLC,567
2022/6/20,鬼ゴロシ 4,[Kindle 版] 河部真道  販売: Amazon Services International LLC,644
2022/6/20,鬼ゴロシ 5,[Kindle 版] 河部真道  販売: Amazon Services International LLC,644
2022/6/20,鬼ゴロシ 6,[Kindle 版] 河部真道  販売: Amazon Services International LLC,663
2022/6/20,少年のアビス 9 (ヤングジャンプコミックスDIGITAL),[Kindle 版] 峰浪りょう  販売: 株式会社集英社,659
2022/6/20,東京タラレバ娘　シーズン２（２） (Ｋｉｓｓコミックス),[Kindle 版] 東村アキコ  販売: 株式会社 講談社,550
2022/6/20,離婚まで100日のプリン　マンガでわかる 決別or再構築、どうしよう？ (LScomic),"[Kindle 版] きなこす, 伊東 有理子  販売: Amazon Services International LLC",1089
2022/6/28,ＳとＸ　～セラピスト霜鳥壱人の告白～（１） (イブニングコミックス),[Kindle 版] 多田基生  販売: 株式会社 講談社,682
2022/6/28,ＳとＸ　～セラピスト霜鳥壱人の告白～（２） (イブニングコミックス),[Kindle 版] 多田基生  販売: 株式会社 講談社,682
2022/6/28,アカイリンゴ（３） (コミックＤＡＹＳコミックス),[Kindle 版] ムラタコウジ  販売: 株式会社 講談社,693
2022/6/28,アカイリンゴ（４） (コミックＤＡＹＳコミックス),[Kindle 版] ムラタコウジ  販売: 株式会社 講談社,726
2022/6/28,こういうのがいい 2 (ヤングジャンプコミックスDIGITAL),[Kindle 版] 双龍  販売: 株式会社集英社,627
2022/6/28,こういうのがいい 3 (ヤングジャンプコミックスDIGITAL),[Kindle 版] 双龍  販売: 株式会社集英社,627
2022/6/28,ハコヅメ～交番女子の逆襲～（２１） (モーニングコミックス),[Kindle 版] 泰三子  販売: 株式会社 講談社,693
2022/6/28,明日、私は誰かのカノジョ（１０） (サイコミ×裏少年サンデーコミックス),[Kindle 版] をのひなお  販売: 小学館,660
2022/6/28,明日、私は誰かのカノジョ（４） (サイコミ×裏少年サンデーコミックス),[Kindle 版] をのひなお  販売: 小学館,660
2022/6/28,明日、私は誰かのカノジョ（５） (サイコミ×裏少年サンデーコミックス),[Kindle 版] をのひなお  販売: 小学館,660
2022/6/28,明日、私は誰かのカノジョ（６） (サイコミ×裏少年サンデーコミックス),[Kindle 版] をのひなお  販売: 小学館,660
2022/6/28,明日、私は誰かのカノジョ（７） (サイコミ×裏少年サンデーコミックス),[Kindle 版] をのひなお  販売: 小学館,660
2022/6/28,明日、私は誰かのカノジョ（８） (サイコミ×裏少年サンデーコミックス),[Kindle 版] をのひなお  販売: 小学館,660
2022/6/28,明日、私は誰かのカノジョ（９） (サイコミ×裏少年サンデーコミックス),[Kindle 版] をのひなお  販売: 小学館,660
2022/6/28,有賀リエ連作集　工場夜景 (モーニングコミックス),[Kindle 版] 有賀リエ  販売: 株式会社 講談社,682
2022/6/29,ここは今から倫理です。 7 (ヤングジャンプコミックスDIGITAL),[Kindle 版] 雨瀬シオリ  販売: 株式会社集英社,627
2022/7/4,夏目アラタの結婚（７） (ビッグコミックス),[Kindle 版] 乃木坂太郎  販売: 小学館,693
2022/7/4,夏目アラタの結婚（８） (ビッグコミックス),[Kindle 版] 乃木坂太郎  販売: 小学館,693
2022/7/25,adabana 徒花 （下） (ヤングジャンプコミックスDIGITAL),[Kindle 版] NON  販売: 株式会社集英社,752
2022/7/25,adabana 徒花 （中） (ヤングジャンプコミックスDIGITAL),[Kindle 版] NON  販売: 株式会社集英社,680
2022/7/25,夏目アラタの結婚（５） (ビッグコミックス),[Kindle 版] 乃木坂太郎  販売: 小学館,693
2022/7/25,夏目アラタの結婚（６） (ビッグコミックス),[Kindle 版] 乃木坂太郎  販売: 小学館,693
2022/8/4,瓜を破る　５巻 (ラバココミックス),[Kindle 版] 板倉梓  販売: Amazon Services International LLC,594
2022/8/9,サマータイムレンダ2026 未然事故物件 (ジャンプコミックスDIGITAL),[Kindle 版] 田中靖規  販売: 株式会社集英社,627
2022/8/9,軍靴のバルツァー（１２） (週刊少年マガジンコミックス),[Kindle 版] 中島三千恒  販売: 株式会社 講談社,660
2022/8/9,軍靴のバルツァー（１３） (週刊少年マガジンコミックス),[Kindle 版] 中島三千恒  販売: 株式会社 講談社,660
2022/8/9,軍靴のバルツァー（１４） (週刊少年マガジンコミックス),[Kindle 版] 中島三千恒  販売: 株式会社 講談社,660
2022/8/10,ONE PIECE モノクロ版 103 (ジャンプコミックスDIGITAL),[Kindle 版] 尾田栄一郎  販売: 株式会社集英社,460
2022/8/23,ＳとＸ　～セラピスト霜鳥壱人の告白～（３） (イブニングコミックス),[Kindle 版] 多田基生  販売: 株式会社 講談社,715
2022/8/23,喰う寝るふたり 住むふたり 続 2巻 (ゼノンコミックス),[Kindle 版] 日暮キノコ  販売: Amazon Services International LLC,614
2022/8/23,喰う寝るふたり 住むふたり 続 3巻【特典イラスト付き】 (ゼノンコミックス),[Kindle 版] 日暮キノコ  販売: Amazon Services International LLC,682
2022/9/21,その着せ替え人形は恋をする 2巻 (デジタル版ヤングガンガンコミックス),[Kindle 版] 福田晋一  販売: 株式会社スクウェア・エニックス,660
2022/9/21,その着せ替え人形は恋をする 3巻 (デジタル版ヤングガンガンコミックス),[Kindle 版] 福田晋一  販売: 株式会社スクウェア・エニックス,660
2022/9/21,その着せ替え人形は恋をする 4巻 (デジタル版ヤングガンガンコミックス),[Kindle 版] 福田晋一  販売: 株式会社スクウェア・エニックス,660
2022/9/21,その着せ替え人形は恋をする 5巻 (デジタル版ヤングガンガンコミックス),[Kindle 版] 福田晋一  販売: 株式会社スクウェア・エニックス,660
2022/9/21,その着せ替え人形は恋をする 6巻 (デジタル版ヤングガンガンコミックス),[Kindle 版] 福田晋一  販売: 株式会社スクウェア・エニックス,660
2022/9/21,その着せ替え人形は恋をする 7巻 (デジタル版ヤングガンガンコミックス),[Kindle 版] 福田晋一  販売: 株式会社スクウェア・エニックス,660
2022/9/21,その着せ替え人形は恋をする 8巻通常版 (デジタル版ヤングガンガンコミックス),[Kindle 版] 福田晋一  販売: 株式会社スクウェア・エニックス,660
2022/9/21,その着せ替え人形は恋をする 9巻 (デジタル版ヤングガンガンコミックス),[Kindle 版] 福田晋一  販売: 株式会社スクウェア・エニックス,660
2022/9/24,その着せ替え人形は恋をする 10巻 (デジタル版ヤングガンガンコミックス),[Kindle 版] 福田晋一  販売: 株式会社スクウェア・エニックス,660
2022/10/9,100話で心折れるスタートアップ 原作版,[Kindle 版] えい  販売: Amazon Services International LLC,320
2022/10/13,ダーウィン事変（２） (アフタヌーンコミックス),[Kindle 版] うめざわしゅん  販売: 株式会社 講談社,748
2022/10/13,ダーウィン事変（３） (アフタヌーンコミックス),[Kindle 版] うめざわしゅん  販売: 株式会社 講談社,748
2022/10/13,ダーウィン事変（４） (アフタヌーンコミックス),[Kindle 版] うめざわしゅん  販売: 株式会社 講談社,748
2022/10/13,間くんは選べない ： 2 (アクションコミックス),[Kindle 版] 板倉梓  販売: Amazon Services International LLC,330
2022/10/13,間くんは選べない ： 3 (アクションコミックス),[Kindle 版] 板倉梓  販売: Amazon Services International LLC,654
2022/10/24,ピーナッツバターサンドウィッチ（４）　～29歳OL4人の婚活奮闘記！,[Kindle 版] ミツコ  販売: 株式会社 講談社,462
2022/10/26,あなたがしてくれなくても ： 9 (アクションコミックス),[Kindle 版] ハルノ晴  販売: Amazon Services International LLC,687
2022/10/26,少年のアビス 10 (ヤングジャンプコミックスDIGITAL),[Kindle 版] 峰浪りょう  販売: 株式会社集英社,659
2022/10/26,逃げ上手の若君 4 (ジャンプコミックスDIGITAL),[Kindle 版] 松井優征  販売: 株式会社集英社,460
2022/10/26,逃げ上手の若君 5 (ジャンプコミックスDIGITAL),[Kindle 版] 松井優征  販売: 株式会社集英社,460
2022/10/26,逃げ上手の若君 6 (ジャンプコミックスDIGITAL),[Kindle 版] 松井優征  販売: 株式会社集英社,460
2022/10/26,逃げ上手の若君 7 (ジャンプコミックスDIGITAL),[Kindle 版] 松井優征  販売: 株式会社集英社,460
2022/10/27,AV男優はじめました　5巻【電子特典付き】 (バンチコミックス),[Kindle 版] 蛙野エレファンテ  販売: Amazon Services International LLC,660
2022/10/27,アカイリンゴ（５） (コミックＤＡＹＳコミックス),[Kindle 版] ムラタコウジ  販売: 株式会社 講談社,726
2022/10/27,ハコヅメ～交番女子の逆襲～（２２） (モーニングコミックス),[Kindle 版] 泰三子  販売: 株式会社 講談社,726
2022/10/27,ピーナッツバターサンドウィッチ（１０）　～29歳OL4人の婚活奮闘記！,[Kindle 版] ミツコ  販売: 株式会社 講談社,462
2022/10/27,ピーナッツバターサンドウィッチ（１１）　～29歳OL4人の婚活奮闘記！,[Kindle 版] ミツコ  販売: 株式会社 講談社,462
2022/10/27,ピーナッツバターサンドウィッチ（５）　～29歳OL4人の婚活奮闘記！,[Kindle 版] ミツコ  販売: 株式会社 講談社,462
2022/10/27,ピーナッツバターサンドウィッチ（６）　～29歳OL4人の婚活奮闘記！,[Kindle 版] ミツコ  販売: 株式会社 講談社,462
2022/10/27,ピーナッツバターサンドウィッチ（７）　～29歳OL4人の婚活奮闘記！,[Kindle 版] ミツコ  販売: 株式会社 講談社,462
2022/10/27,ピーナッツバターサンドウィッチ（８）　～29歳OL4人の婚活奮闘記！,[Kindle 版] ミツコ  販売: 株式会社 講談社,462
2022/10/27,ピーナッツバターサンドウィッチ（９）　～29歳OL4人の婚活奮闘記！,[Kindle 版] ミツコ  販売: 株式会社 講談社,462
2022/10/27,マザーパラサイト 6巻 【特典イラスト付き】 (ゼノンコミックス),[Kindle 版] 佐藤洋寿  販売: Amazon Services International LLC,673
2022/10/27,罪と快 2巻 (デジタル版ヤングガンガンコミックス),[Kindle 版] 染谷ユウ  販売: 株式会社スクウェア・エニックス,628
2022/10/27,罪と快 3巻 (デジタル版ヤングガンガンコミックス),[Kindle 版] 染谷ユウ  販売: 株式会社スクウェア・エニックス,628
2022/10/27,罪と快 4巻 (デジタル版ヤングガンガンコミックス),[Kindle 版] 染谷ユウ  販売: 株式会社スクウェア・エニックス,660
2022/10/27,罪と快 5巻 (デジタル版ヤングガンガンコミックス),[Kindle 版] 染谷ユウ  販売: 株式会社スクウェア・エニックス,660
2022/10/27,罪と快 6巻 (デジタル版ヤングガンガンコミックス),[Kindle 版] 染谷ユウ  販売: 株式会社スクウェア・エニックス,660
2022/10/27,少年のアビス 2 (ヤングジャンプコミックスDIGITAL),[Kindle 版] 峰浪りょう  販売: 株式会社集英社,659
2022/10/27,東京カンナビス特区 大麻王と呼ばれた男 1巻 【特典イラスト付き】 (ゼノンコミックス),[Kindle 版] 稲井雄人  販売: Amazon Services International LLC,594
2022/10/27,東京カンナビス特区 大麻王と呼ばれた男 2巻 【特典イラスト付き】 (ゼノンコミックス),[Kindle 版] 稲井雄人  販売: Amazon Services International LLC,594
2022/10/27,明日、私は誰かのカノジョ（１１） (サイコミ×裏少年サンデーコミックス),[Kindle 版] をのひなお  販売: 小学館,660
2022/10/27,明日、私は誰かのカノジョ（１２） (サイコミ×裏少年サンデーコミックス),[Kindle 版] をのひなお  販売: 小学館,660
2022/10/28,少年のアビス 1 (ヤングジャンプコミックスDIGITAL),[Kindle 版] 峰浪りょう  販売: 株式会社集英社,659
2022/11/14,クジャクのダンス、誰が見た？（１） (Ｋｉｓｓコミックス),[Kindle 版] 浅見理都  販売: 株式会社 講談社,726
2022/11/15,ヴィンランド・サガ（１１） (アフタヌーンコミックス),[Kindle 版] 幸村誠  販売: 株式会社 講談社,693
2022/11/15,ヴィンランド・サガ（１２） (アフタヌーンコミックス),[Kindle 版] 幸村誠  販売: 株式会社 講談社,693
2022/11/15,ヴィンランド・サガ（１３） (アフタヌーンコミックス),[Kindle 版] 幸村誠  販売: 株式会社 講談社,693
2022/11/15,ヴィンランド・サガ（１４） (アフタヌーンコミックス),[Kindle 版] 幸村誠  販売: 株式会社 講談社,713
2022/11/15,ヴィンランド・サガ（１５） (アフタヌーンコミックス),[Kindle 版] 幸村誠  販売: 株式会社 講談社,693
2022/11/15,ヴィンランド・サガ（１６） (アフタヌーンコミックス),[Kindle 版] 幸村誠  販売: 株式会社 講談社,693
2022/11/15,ヴィンランド・サガ（１７） (アフタヌーンコミックス),[Kindle 版] 幸村誠  販売: 株式会社 講談社,726
2022/11/15,マイホームヒーロー（１５） (ヤングマガジンコミックス),"[Kindle 版] 山川直輝, 朝基まさし  販売: 株式会社 講談社",726
2022/11/15,マイホームヒーロー（１６） (ヤングマガジンコミックス),"[Kindle 版] 山川直輝, 朝基まさし  販売: 株式会社 講談社",726
2022/11/15,マイホームヒーロー（１７） (ヤングマガジンコミックス),"[Kindle 版] 山川直輝, 朝基まさし  販売: 株式会社 講談社",737
2022/11/15,遺書､公開。 2巻 (デジタル版ガンガンコミックスJOKER),[Kindle 版] 陽東太郎  販売: 株式会社スクウェア・エニックス,628
2022/11/15,遺書､公開。 3巻 (デジタル版ガンガンコミックスJOKER),[Kindle 版] 陽東太郎  販売: 株式会社スクウェア・エニックス,628
2022/11/15,遺書､公開。 4巻 (デジタル版ガンガンコミックスJOKER),[Kindle 版] 陽東太郎  販売: 株式会社スクウェア・エニックス,660
2022/11/15,遺書､公開。 5巻 (デジタル版ガンガンコミックスJOKER),[Kindle 版] 陽東太郎  販売: 株式会社スクウェア・エニックス,660
2022/11/15,遺書､公開。 6巻 (デジタル版ガンガンコミックスJOKER),[Kindle 版] 陽東太郎  販売: 株式会社スクウェア・エニックス,660
2022/11/15,遺書､公開。 7巻 (デジタル版ガンガンコミックスJOKER),[Kindle 版] 陽東太郎  販売: 株式会社スクウェア・エニックス,660
2022/11/15,遺書､公開。 8巻 (デジタル版ガンガンコミックスJOKER),[Kindle 版] 陽東太郎  販売: 株式会社スクウェア・エニックス,660
2022/11/15,遺書､公開。 9巻 (デジタル版ガンガンコミックスJOKER),[Kindle 版] 陽東太郎  販売: 株式会社スクウェア・エニックス,660
2022/11/16,ヴィンランド・サガ（１０） (アフタヌーンコミックス),[Kindle 版] 幸村誠  販売: 株式会社 講談社,726
2022/11/16,ヴィンランド・サガ（１８） (アフタヌーンコミックス),[Kindle 版] 幸村誠  販売: 株式会社 講談社,726
2022/11/16,ヴィンランド・サガ（１９） (アフタヌーンコミックス),[Kindle 版] 幸村誠  販売: 株式会社 講談社,726
2022/11/16,ヴィンランド・サガ（２） (アフタヌーンコミックス),[Kindle 版] 幸村誠  販売: 株式会社 講談社,726
2022/11/16,ヴィンランド・サガ（２０） (アフタヌーンコミックス),[Kindle 版] 幸村誠  販売: 株式会社 講談社,693
2022/11/16,ヴィンランド・サガ（２１） (アフタヌーンコミックス),[Kindle 版] 幸村誠  販売: 株式会社 講談社,726
2022/11/16,ヴィンランド・サガ（２２） (アフタヌーンコミックス),[Kindle 版] 幸村誠  販売: 株式会社 講談社,693
2022/11/16,ヴィンランド・サガ（２３） (アフタヌーンコミックス),[Kindle 版] 幸村誠  販売: 株式会社 講談社,748
2022/11/16,ヴィンランド・サガ（２４） (アフタヌーンコミックス),[Kindle 版] 幸村誠  販売: 株式会社 講談社,726
2022/11/16,ヴィンランド・サガ（２５） (アフタヌーンコミックス),[Kindle 版] 幸村誠  販売: 株式会社 講談社,726
2022/11/16,ヴィンランド・サガ（２６） (アフタヌーンコミックス),[Kindle 版] 幸村誠  販売: 株式会社 講談社,748
2022/11/16,ヴィンランド・サガ（３） (アフタヌーンコミックス),[Kindle 版] 幸村誠  販売: 株式会社 講談社,726
2022/11/16,ヴィンランド・サガ（４） (アフタヌーンコミックス),[Kindle 版] 幸村誠  販売: 株式会社 講談社,713
2022/11/16,ヴィンランド・サガ（５） (アフタヌーンコミックス),[Kindle 版] 幸村誠  販売: 株式会社 講談社,693
2022/11/16,ヴィンランド・サガ（６） (アフタヌーンコミックス),[Kindle 版] 幸村誠  販売: 株式会社 講談社,726
2022/11/16,ヴィンランド・サガ（７） (アフタヌーンコミックス),[Kindle 版] 幸村誠  販売: 株式会社 講談社,693
2022/11/16,ヴィンランド・サガ（８） (アフタヌーンコミックス),[Kindle 版] 幸村誠  販売: 株式会社 講談社,693
2022/11/16,ヴィンランド・サガ（９） (アフタヌーンコミックス),[Kindle 版] 幸村誠  販売: 株式会社 講談社,693
2023/4/9,しんどい母から逃げる！！　～いったん親のせいにしてみたら案外うまくいった～,[Kindle 版] 田房永子  販売: 小学館,990
2023/4/9,母がしんどい【電子特典付】 (角川文庫),[Kindle 版] 田房永子  販売: Amazon Services International LLC,594
2023/4/10,ONE PIECE モノクロ版 104 (ジャンプコミックスDIGITAL),[Kindle 版] 尾田栄一郎  販売: 株式会社集英社,502
2023/4/11,ONE PIECE モノクロ版 105 (ジャンプコミックスDIGITAL),[Kindle 版] 尾田栄一郎  販売: 株式会社集英社,502
2023/6/5,その着せ替え人形は恋をする 11巻 (デジタル版ヤングガンガンコミックス),[Kindle 版] 福田晋一  販売: 株式会社スクウェア・エニックス,730
2023/6/5,瓜を破る　６巻 (ラバココミックス),[Kindle 版] 板倉梓  販売: Amazon Services International LLC,594
2023/6/5,瓜を破る　７巻 (ラバココミックス),[Kindle 版] 板倉梓  販売: Amazon Services International LLC,594
2023/6/5,夏目アラタの結婚（１０） (ビッグコミックス),[Kindle 版] 乃木坂太郎  販売: 小学館,693
2023/6/5,夏目アラタの結婚（９） (ビッグコミックス),[Kindle 版] 乃木坂太郎  販売: 小学館,770
2023/6/5,夏目アラタの結婚（９） (ビッグコミックス),[Kindle 版] 乃木坂太郎  販売: 小学館,770
2023/8/8,ONE PIECE モノクロ版 106 (ジャンプコミックスDIGITAL),[Kindle 版] 尾田栄一郎  販売: 株式会社集英社,502
2023/8/18,母のお酒をやめさせたい【電子限定フルカラー版】 (コミックエッセイ),"[Kindle 版] 三森 みさ, 今成 知美, 松本 俊彦  販売: Amazon Services International LLC",770
2023/9/24,住みにごり（３） (ビッグコミックス),[Kindle 版] たかたけし  販売: 小学館,693
2023/9/24,住みにごり（４） (ビッグコミックス),[Kindle 版] たかたけし  販売: 小学館,693
2023/9/25,住みにごり（２） (ビッグコミックス),[Kindle 版] たかたけし  販売: 小学館,693
2023/12/6,ONE PIECE モノクロ版 107 (ジャンプコミックスDIGITAL),[Kindle 版] 尾田栄一郎  販売: 株式会社集英社,502
2023/12/26,けだものたちの時間～狂依存症候群～ （2） (comic RiSky(リスキー)),[Kindle 版] big brother  販売: Amazon Services International LLC,594
2023/12/26,けだものたちの時間～狂依存症候群～ （3） (comic RiSky(リスキー)),[Kindle 版] big brother  販売: Amazon Services International LLC,594
2024/3/12,JUMBO MAX～ハイパーED薬密造人～（５） (ビッグコミックス),[Kindle 版] 高橋ツトム  販売: 小学館,693
2024/3/12,JUMBO MAX～ハイパーED薬密造人～（６） (ビッグコミックス),[Kindle 版] 高橋ツトム  販売: 小学館,693
2024/3/12,JUMBO MAX～ハイパーED薬密造人～（７） (ビッグコミックス),[Kindle 版] 高橋ツトム  販売: 小学館,693
2024/4/19,ONE PIECE モノクロ版 108 (ジャンプコミックスDIGITAL),[Kindle 版] 尾田栄一郎  販売: 株式会社集英社,502
2024/4/21,夏目アラタの結婚（１１） (ビッグコミックス),[Kindle 版] 乃木坂太郎  販売: 小学館,693
2024/4/21,夏目アラタの結婚（１２） (ビッグコミックス),[Kindle 版] 乃木坂太郎  販売: 小学館,759
2024/5/20,怪物事変 18 (ジャンプコミックスDIGITAL),[Kindle 版] 藍本松  販売: 株式会社集英社,543
2024/5/20,怪物事変 18 (ジャンプコミックスDIGITAL),[Kindle 版] 藍本松  販売: 株式会社集英社,543
2024/5/20,怪物事変 19 (ジャンプコミックスDIGITAL),[Kindle 版] 藍本松  販売: 株式会社集英社,543
2024/5/20,怪物事変 19 (ジャンプコミックスDIGITAL),[Kindle 版] 藍本松  販売: 株式会社集英社,543
2024/5/20,怪物事変 20 (ジャンプコミックスDIGITAL),[Kindle 版] 藍本松  販売: 株式会社集英社,502
2024/5/20,怪物事変 20 (ジャンプコミックスDIGITAL),[Kindle 版] 藍本松  販売: 株式会社集英社,502
2024/5/20,怪物事変 21 (ジャンプコミックスDIGITAL),[Kindle 版] 藍本松  販売: 株式会社集英社,502
2024/7/16,いいかげんに生きづらさを終わらせたい: トラウマ治療体験記,[Kindle 版] 三森 みさ  販売: Amazon Services International LLC,550
2024/8/7,ギャル弁　ー歌舞伎町の幽霊ー（１） (コミックＤＡＹＳコミックス),[Kindle 版] ヨウイチ  販売: 株式会社 講談社,759
2024/8/7,ギャル弁　ー歌舞伎町の幽霊ー（２） (コミックＤＡＹＳコミックス),[Kindle 版] ヨウイチ  販売: 株式会社 講談社,759
2024/8/7,ギャル弁　ー歌舞伎町の幽霊ー（３） (コミックＤＡＹＳコミックス),[Kindle 版] ヨウイチ  販売: 株式会社 講談社,759
2024/8/19,ONE PIECE モノクロ版 109 (ジャンプコミックスDIGITAL),[Kindle 版] 尾田栄一郎  販売: 株式会社集英社,543
2024/8/19,なおりはしないが、ましになる（１） (ビッグコミックススペシャル),[Kindle 版] カレー沢薫  販売: 小学館,990
2024/8/19,なおりはしないが、ましになる（３） (ビッグコミックススペシャル),[Kindle 版] カレー沢薫  販売: 小学館,990
2024/12/9,ONE PIECE モノクロ版 110 (ジャンプコミックスDIGITAL),[Kindle 版] 尾田栄一郎  販売: 株式会社集英社,543
2024/12/18,ブラック・ラグーン（１３） (サンデーGXコミックス),[Kindle 版] 広江礼威  販売: 小学館,693
